,Unnamed: 0,left_ht,left_age,left_ace,left_df,left_svpt,left_1stIn,left_1stWon,left_2ndWon,left_SvGms,left_bpSaved,left_bpFaced,left_rank,left_rank_points,right_ht,right_age,right_ace,right_df,right_svpt,right_1stIn,right_1stWon,right_2ndWon,right_SvGms,right_bpSaved,right_bpFaced,right_rank,right_rank_points,left_name,right_name,target,tourney_date,tourney_name
12020,6.0,183.0,25.934661560944598,5.090909090909091,3.787878787878788,75.31818181818181,41.93939393939394,30.166666666666668,15.666666666666666,11.818181818181818,4.409090909090909,7.651515151515151,103.94594594594595,415.31081081081084,180.0,20.155642668992424,4.664,2.76,75.52,43.528,30.656,15.896,11.36,4.744,7.4,62.74242424242424,703.0075757575758,Attila Savolt,Andreas Vinciguerra,1,2003-05-26,Roland Garros
35197,160.0,175.0,25.710691823899204,3.493150684931507,3.043835616438356,73.97808219178083,44.83835616438356,31.15068493150685,14.331506849315069,11.515068493150684,3.9342465753424656,6.8191780821917805,64.42587601078166,773.4474393530998,190.0,25.978303219267907,7.7534246575342465,3.410958904109589,77.23630136986301,47.84931506849315,35.054794520547944,15.020547945205479,12.202054794520548,3.7157534246575343,6.044520547945205,83.87959866220736,615.9531772575251,Albert Montanes,Michael Llodra,1,2010-10-25,Montpellier
6789,781.0,175.0,20.985261236591107,4.377777777777778,3.0444444444444443,76.95555555555555,47.08888888888889,33.111111111111114,15.088888888888889,11.822222222222223,4.444444444444445,6.911111111111111,85.37777777777778,525.2888888888889,183.0,25.392483644527914,4.857142857142857,3.6857142857142855,75.02857142857142,40.22857142857143,29.285714285714285,15.942857142857143,11.771428571428572,4.828571428571428,8.314285714285715,116.53488372093024,374.74418604651163,Albert Montanes,Attila Savolt,1,2002-05-20,St. Poelten
109674,563.0,,20.5667351129,,,,,,,,,,1396.0,2.0,,21.388698760355553,,,,,,,,,,1300.4285714285713,3.857142857142857,Mohsen Hossein Zade,David Agung Susanto,0,2015-03-06,Davis Cup G2 R1: INA vs IRI
7752,743.0,183.0,20.98096059681953,4.406451612903226,3.296774193548387,81.48387096774194,48.12903225806452,33.83225806451613,18.025806451612905,12.703225806451613,4.496774193548387,7.058064516129032,13.165680473372781,2028.7278106508875,175.0,22.71103265807484,5.0754716981132075,1.6037735849056605,78.77987421383648,44.905660377358494,31.943396226415093,18.062893081761008,12.150943396226415,4.144654088050315,6.610062893081761,17.4093567251462,1649.4093567251462,Juan Carlos Ferrero,Sebastien Grosjean,1,2002-04-15,Monte Carlo Masters
66884,816.0,183.0,22.683823864933327,6.581632653061225,4.6938775510204085,79.15306122448979,42.56122448979592,31.357142857142858,18.336734693877553,12.387755102040817,4.387755102040816,7.163265306122449,21.35238095238095,1283.057142857143,185.0,24.458818161082142,6.253164556962025,3.151898734177215,76.12658227848101,39.77215189873418,29.329113924050635,18.59493670886076,11.924050632911392,3.7468354430379747,6.341772151898734,33.726190476190474,974.2857142857143,Dominik Hrbaty,Nicolas Escude,0,2001-06-18,'s-Hertogenbosch
116270,152.0,183.0,26.253434229617415,7.056213017751479,2.7544378698224854,84.26183431952663,48.655325443786985,35.73224852071006,19.10355029585799,13.244082840236686,4.035502958579881,6.359467455621302,25.536211699164344,2714.6448467966575,206.0,27.48655628751412,17.526011560693643,2.2870905587668595,88.4354527938343,60.712909441233144,47.41233140655106,15.545279383429673,14.246628131021195,3.0289017341040463,4.2601156069364166,36.82899628252788,1714.596654275093,Stan Wawrinka,John Isner,0,2017-05-15,Rome Masters
85238,151.0,180.0,21.287474332649108,6.872093023255814,2.63953488372093,83.76744186046511,46.41860465116279,33.46511627906977,18.546511627906977,13.232558139534884,4.058139534883721,7.313953488372093,127.16071428571429,399.9107142857143,188.0,23.01984941820783,9.115646258503402,3.5476190476190474,82.87074829931973,48.37074829931973,36.3843537414966,17.571428571428573,13.023809523809524,4.01360544217687,6.295918367346939,55.44625407166124,825.9315960912052,Janko Tipsarevic,Feliciano Lopez,0,2007-08-19,New Haven
27282,253.0,175.0,24.054129591602074,3.440677966101695,3.139830508474576,73.12288135593221,44.66525423728814,30.63135593220339,13.745762711864407,11.411016949152541,3.9915254237288136,7.059322033898305,78.2375,526.8416666666667,180.0,21.842407088813513,7.416666666666667,2.691666666666667,84.55,46.666666666666664,34.19166666666667,18.916666666666668,13.275,4.15,7.2,107.95270270270271,477.88513513513516,Albert Montanes,Janko Tipsarevic,1,2008-05-11,Hamburg Masters
96839,741.0,180.0,21.26078028747381,8.425,2.925,80.6,43.7,31.7,18.975,12.75,4.55,7.475,85.61904761904762,756.6666666666666,188.0,22.416427104730005,8.467625899280575,3.6546762589928057,78.84892086330935,46.02877697841727,34.17985611510792,16.47482014388489,12.194244604316546,3.949640287769784,6.273381294964029,72.5,938.4571428571429,Alexandr Dolgopolov,Jeremy Chardy,0,2010-10-10,Shanghai Masters
102075,972.0,183.0,20.37125256673454,2.834862385321101,3.6055045871559632,78.02752293577981,47.018348623853214,30.568807339449542,14.770642201834862,12.0,4.660550458715596,8.486238532110091,160.1909090909091,515.8727272727273,173.0,29.00292950034116,2.4914285714285715,3.337142857142857,76.71428571428571,51.245714285714286,33.011428571428574,12.337142857142856,11.891428571428571,4.148571428571429,7.748571428571428,106.30285714285715,475.1142857142857,Donald Young,Michael Russell,0,2012-07-09,Newport
94261,165.0,183.0,24.33534057787096,4.393526405451448,2.3867120954003407,80.42078364565587,50.89097103918228,35.427597955706986,15.959114139693357,12.592844974446336,4.255536626916525,6.7666098807495745,21.1123595505618,1950.513643659711,183.0,23.985215605740002,4.6,2.0,58.0,31.0,21.4,12.8,8.8,2.6,5.2,351.2,181.8,Juan Carlos Ferrero,Ivan Dodig,0,2010-01-18,Australian Open
98160,60.0,173.0,24.743512662558388,2.1607142857142856,4.446428571428571,82.35714285714286,43.142857142857146,28.5,18.321428571428573,12.267857142857142,5.3125,9.517857142857142,149.52,329.48,193.0,23.52599641973655,7.340314136125654,2.5445026178010473,71.69109947643979,42.92670157068063,31.031413612565444,13.643979057591624,11.13089005235602,4.010471204188482,6.607329842931938,55.46153846153846,1054.389423076923,Jean Rene Lisnard,Viktor Troicki,0,2011-04-10,Monte Carlo Masters
28239,209.0,183.0,23.88044718231667,3.5,0.8333333333333334,81.16666666666667,55.0,38.833333333333336,12.666666666666666,12.333333333333334,5.666666666666667,8.166666666666666,229.0,170.5,208.0,26.934089608509375,19.121739130434783,3.4347826086956523,86.6304347826087,56.417391304347824,46.52608695652174,15.721739130434782,14.004347826086956,2.8434782608695652,4.017391304347826,66.49590163934427,711.344262295082,Simon Stadler,Ivo Karlovic,1,2008-06-23,Wimbledon
52096,42.0,188.0,23.565360881628695,3.9609375,1.90625,75.5859375,45.8828125,31.3671875,14.8671875,11.84375,3.953125,7.0390625,73.88372093023256,758.5348837209302,178.0,28.15159581210002,2.4864864864864864,3.891891891891892,81.16216216216216,49.45945945945946,31.864864864864863,14.837837837837839,12.27027027027027,4.864864864864865,8.91891891891892,134.24074074074073,438.7962962962963,Pablo Carreno Busta,Adrian Ungur,1,2016-07-15,Davis Cup G1 R2: ESP vs ROU
66746,678.0,188.0,20.943874058875,1.4285714285714286,2.4285714285714284,77.14285714285714,49.714285714285715,33.57142857142857,13.142857142857142,11.428571428571429,4.714285714285714,7.571428571428571,221.625,171.25,190.0,26.342054193338825,8.313253012048193,4.9879518072289155,80.74698795180723,43.87951807228916,33.397590361445786,19.46987951807229,12.843373493975903,4.132530120481928,6.373493975903615,8.258823529411766,2030.4588235294118,Federico Luzzi,Thomas Enqvist,0,2001-04-23,Barcelona
60910,848.0,163.0,25.289540820499287,5.4525,3.4275,78.7125,45.9275,32.955,16.6975,12.3625,4.1425,6.855,31.906698564593302,1977.346889952153,,21.97594602522756,1.7959183673469388,1.8877551020408163,78.43877551020408,50.275510204081634,32.02040816326531,14.989795918367347,12.081632653061224,4.836734693877551,8.275510204081632,122.13265306122449,551.3571428571429,David Goffin,Yoshihito Nishioka,1,2019-08-12,Cincinnati Masters
31273,240.0,183.0,24.626533129711152,5.448170731707317,3.0396341463414633,81.16768292682927,48.89939024390244,34.076219512195124,16.01829268292683,12.439024390243903,4.439024390243903,7.329268292682927,63.78272980501393,740.9972144846797,188.0,18.9979466119,7.0,2.0,78.0,47.0,36.0,19.0,13.0,2.0,2.0,599.0,68.0,Jurgen Melzer,Guillaume Rufin,1,2009-05-25,Roland Garros
12473,459.0,188.0,28.03223197062727,4.190476190476191,7.666666666666667,77.47619047619048,42.61904761904762,29.666666666666668,14.952380952380953,11.666666666666666,5.857142857142857,9.476190476190476,105.81818181818181,376.09090909090907,,,,,,,,,,,,,,Julian Knowle,Ryan Henry,1,2003-01-13,Australian Open
68538,468.0,185.0,25.713894592742857,3.857142857142857,4.142857142857143,76.42857142857143,43.285714285714285,32.142857142857146,14.571428571428571,10.714285714285714,5.142857142857143,7.571428571428571,217.0,202.85714285714286,185.0,23.166172332511113,6.666666666666667,1.5555555555555556,68.11111111111111,41.55555555555556,30.11111111111111,12.777777777777779,10.444444444444445,2.6666666666666665,5.0,380.55555555555554,83.66666666666667,Dennis Van Scheppingen,Radek Stepanek,0,2002-04-29,Munich
60985,923.0,,21.712434405660005,7.203389830508475,3.610169491525424,85.01694915254237,53.96610169491525,38.6271186440678,15.559322033898304,13.152542372881356,4.779661016949152,7.423728813559322,117.9,684.15,,19.9493497604,6.0,4.0,102.0,54.5,38.5,24.5,15.0,3.0,5.5,175.5,328.5,Hubert Hurkacz,Duck Hee Lee,1,2019-08-19,Winston-Salem
96929,831.0,190.0,24.889026331196987,8.836363636363636,4.224242424242425,81.92121212121212,49.69090909090909,36.57575757575758,16.175757575757576,12.93939393939394,3.7515151515151515,6.212121212121212,101.71084337349397,494.33734939759034,183.0,23.276832832809145,4.724832214765101,2.01006711409396,79.11744966442953,44.23489932885906,31.02013422818792,18.2248322147651,12.24496644295302,4.476510067114094,7.298657718120805,36.579804560260584,1573.1302931596092,Nicolas Mahut,Gilles Simon,0,2010-10-25,Montpellier
74051,976.0,196.0,21.0631987223,14.666666666666666,4.666666666666667,88.0,55.666666666666664,42.666666666666664,16.0,14.333333333333334,2.3333333333333335,4.333333333333333,558.3333333333334,32.333333333333336,180.0,28.427345209684457,4.215277777777778,3.2569444444444446,78.20833333333333,46.56944444444444,31.76388888888889,15.472222222222221,12.20138888888889,4.368055555555555,7.631944444444445,80.85135135135135,522.3986486486486,Amer Delic,Sargis Sargsian,0,2003-08-25,US Open
87855,766.0,185.0,25.73634496922,1.75,2.5,105.25,72.25,47.0,17.25,14.75,6.75,10.25,142.4,297.0,185.0,21.651341379943297,4.294117647058823,2.6405228758169934,78.68627450980392,48.69934640522876,33.76470588235294,15.457516339869281,12.294117647058824,4.03921568627451,6.790849673202614,54.09146341463415,768.2134146341464,Diego Hartfield,Igor Andreev,0,2007-01-29,Vina del Mar
25769,742.0,185.0,18.85978334011561,2.4690265486725664,1.6415929203539823,73.84070796460178,51.47345132743363,35.88053097345133,12.56637168141593,11.920353982300885,3.672566371681416,5.68141592920354,30.966244725738395,2522.928270042194,178.0,18.9199178645,0.0,2.5,55.75,38.0,21.75,7.0,8.75,5.25,9.5,726.25,40.75,Rafael Nadal,Karan Rastogi,1,2007-01-01,Chennai
32336,302.0,193.0,19.596167008895,6.571428571428571,1.5,85.42857142857143,53.142857142857146,38.0,17.428571428571427,12.142857142857142,4.571428571428571,6.785714285714286,370.7,171.7,193.0,20.633591662799983,8.50925925925926,3.3518518518518516,78.27777777777777,45.05555555555556,33.148148148148145,16.37037037037037,12.342592592592593,3.861111111111111,6.550925925925926,54.69585253456221,1147.774193548387,Thiemo De Bakker,Gael Monfils,1,2009-09-18,Davis Cup WG PO: NED vs FRA
59649,588.0,185.0,27.705224731918516,7.179245283018868,3.707547169811321,79.5377358490566,43.5188679245283,32.54716981132076,17.547169811320753,12.31132075471698,3.8679245283018866,6.547169811320755,92.16666666666667,697.1018518518518,190.0,27.73781398806262,4.901408450704225,2.7577464788732393,80.6112676056338,46.87605633802817,33.085915492957746,16.91830985915493,12.516901408450705,4.390140845070422,7.354929577464789,54.693548387096776,949.2204301075269,Peter Gojowczyk,Andreas Seppi,1,2019-03-04,Indian Wells Masters
85990,903.0,185.0,18.871019849417998,4.88,3.46,81.64,48.1,33.92,16.22,12.26,4.8,7.74,104.38,425.42,208.0,26.213915861359293,19.187878787878788,4.2,89.22424242424242,57.07878787878788,47.163636363636364,16.55757575757576,14.27878787878788,3.103030303030303,4.363636363636363,81.89830508474576,536.9887005649717,Evgeny Korolev,Ivo Karlovic,0,2007-07-29,Washington
81253,170.0,,20.84599589325,3.0,2.5,82.0,48.5,31.5,14.0,11.5,4.5,8.5,425.25,67.25,188.0,20.17598296447778,3.8461538461538463,2.5384615384615383,66.07692307692308,39.76923076923077,25.846153846153847,12.076923076923077,10.307692307692308,4.153846153846154,7.6923076923076925,390.5,87.11111111111111,Peng Sun,Prakash Amritraj,0,2005-03-04,Davis Cup G1 R1: IND vs CHN
50738,686.0,190.0,23.427221334958524,3.6717557251908395,3.1297709923664123,75.78625954198473,45.69465648854962,32.14503816793893,15.557251908396946,11.786259541984732,4.0,6.6183206106870225,83.88148148148149,702.8888888888889,183.0,31.36914442163002,3.5170068027210886,2.4693877551020407,73.38775510204081,43.265306122448976,29.31972789115646,14.4421768707483,11.380952380952381,4.08843537414966,7.340136054421769,83.68,640.8333333333334,Federico Delbonis,Paolo Lorenzi,1,2016-02-15,Rio de Janeiro
8051,41.0,188.0,19.109678076264462,9.565217391304348,3.0,74.3913043478261,44.208695652173915,34.74782608695652,16.62608695652174,12.078260869565218,3.0956521739130434,4.478260869565218,77.25833333333334,1253.45,190.0,26.193548939076884,4.033783783783784,2.0067567567567566,75.48648648648648,49.50675675675676,34.277027027027025,13.182432432432432,11.824324324324325,4.108108108108108,6.668918918918919,34.91875,1110.675,Andy Roddick,Jiri Novak,1,2002-07-29,Canada Masters
26295,267.0,183.0,24.003650467716348,5.247191011235955,3.1123595505617976,81.46441947565543,49.08988764044944,33.947565543071164,15.850187265917603,12.329588014981274,4.647940074906367,7.606741573033708,67.0,658.6224489795918,183.0,17.54718990037037,3.423076923076923,3.5,80.3076923076923,48.5,31.307692307692307,14.961538461538462,12.076923076923077,4.576923076923077,8.423076923076923,360.7037037037037,233.8148148148148,Jurgen Melzer,Donald Young,1,2008-05-18,Poertschach
93714,619.0,178.0,27.10198494181333,1.5,2.357142857142857,84.07142857142857,57.785714285714285,36.07142857142857,12.285714285714286,12.5,5.928571428571429,10.142857142857142,132.13333333333333,595.1333333333333,188.0,21.444216290200004,6.75,3.5,55.25,31.0,25.0,11.75,9.75,0.25,2.5,128.5,562.5,Diego Junqueira,Leonardo Mayer,0,2009-02-23,Acapulco
93746,651.0,183.0,26.379192334021436,3.8260869565217392,3.0579710144927534,75.14492753623189,39.78260869565217,27.17391304347826,16.63768115942029,11.347826086956522,4.478260869565218,8.0,132.65714285714284,393.65714285714284,175.0,25.75565841830762,3.889830508474576,3.3983050847457625,76.60169491525424,39.940677966101696,27.203389830508474,17.95762711864407,11.720338983050848,4.47457627118644,8.0,116.80508474576271,401.64406779661016,Santiago Ventura,Bjorn Phau,0,2009-01-05,Chennai
74414,338.0,,,,,,,,,,,,,,188.0,27.775830119703038,4.815950920245399,4.0,77.8036809815951,42.5398773006135,29.779141104294478,16.496932515337424,11.773006134969325,4.515337423312883,7.865030674846626,56.451219512195124,770.4085365853658,Gabriel Moraru,Albert Portas,0,2003-09-08,Bucharest
73496,421.0,190.0,29.046378248243112,8.88888888888889,3.537037037037037,83.57407407407408,49.870370370370374,37.27777777777778,17.166666666666668,12.851851851851851,4.518518518518518,6.703703703703703,182.78947368421052,344.2280701754386,185.0,22.54539473335272,3.675,5.291666666666667,80.81666666666666,45.25,31.641666666666666,16.991666666666667,12.175,4.683333333333334,7.966666666666667,66.70542635658914,660.2015503875969,Kenneth Carlsen,Michel Kratochvil,0,2003-02-24,Copenhagen
84176,90.0,180.0,23.475934582842005,4.868263473053892,2.838323353293413,75.79041916167665,50.91616766467066,35.365269461077844,12.197604790419161,11.676646706586826,3.8862275449101795,6.407185628742515,72.39893617021276,585.1436170212766,180.0,26.450889801506246,3.066666666666667,2.066666666666667,77.4,50.6,32.13333333333333,12.666666666666666,11.666666666666666,5.133333333333334,8.8,143.75,311.875,Luis Horna,Marcos Daniel,0,2006-04-10,Houston
114959,843.0,175.0,26.39984810553767,2.2868525896414345,2.8884462151394423,77.54980079681275,46.57370517928287,30.888446215139442,15.645418326693227,12.063745019920319,4.446215139442231,7.876494023904383,83.28424657534246,674.181506849315,,20.588848523153846,5.846153846153846,2.076923076923077,74.3076923076923,43.92307692307692,30.923076923076923,14.692307692307692,11.076923076923077,3.769230769230769,6.230769230769231,164.6153846153846,405.38461538461536,Dudi Sela,Daniil Medvedev,0,2017-01-02,Chennai
13067,52.0,183.0,21.712570550145077,7.364406779661017,6.389830508474576,81.42372881355932,47.97457627118644,35.23728813559322,16.21186440677966,12.559322033898304,4.161016949152542,6.661016949152542,75.27868852459017,863.0983606557377,,20.479607037876473,,,,,,,,,,351.88235294117646,82.29411764705883,Fernando Gonzalez,Jose De Armas,1,2003-07-11,Davis Cup G1 PO: VEN vs CHI
26170,142.0,185.0,20.05835945099359,5.4763779527559056,2.5984251968503935,74.51181102362204,45.468503937007874,33.311023622047244,15.228346456692913,11.996062992125983,3.1850393700787403,5.417322834645669,44.1578947368421,1224.7781954887218,188.0,23.345338765297768,10.215753424657533,3.3013698630136985,78.88013698630137,41.39383561643836,31.852739726027398,19.08219178082192,12.404109589041095,3.8493150684931505,6.167808219178082,76.016077170418,734.3344051446945,Richard Gasquet,Mardy Fish,1,2008-10-12,Madrid Masters
88746,656.0,198.0,18.47595283271519,4.986666666666666,2.7466666666666666,72.6,47.413333333333334,32.18666666666667,13.106666666666667,11.386666666666667,3.933333333333333,6.546666666666667,80.41772151898734,516.253164556962,188.0,23.299134571055202,9.351851851851851,3.552469135802469,83.0925925925926,48.64506172839506,36.589506172839506,17.564814814814813,13.055555555555555,3.9753086419753085,6.246913580246914,54.48367952522255,818.5252225519288,Juan Martin del Potro,Feliciano Lopez,0,2008-03-27,Miami Masters
88615,525.0,188.0,24.149973382006348,3.5806451612903225,2.870967741935484,74.93548387096774,48.53225806451613,32.24193548387097,12.96774193548387,11.451612903225806,4.17741935483871,7.338709677419355,115.22222222222223,377.3809523809524,183.0,27.88509392349555,6.871720116618076,3.39067055393586,76.68804664723032,42.481049562682216,31.65014577259475,17.1399416909621,12.005830903790088,3.7551020408163267,6.256559766763848,51.080555555555556,784.2027777777778,Thierry Ascione,Agustin Calleri,0,2008-05-18,Casablanca
24064,38.0,193.0,24.727070499658293,12.276960784313726,2.7549019607843137,81.32352941176471,47.365196078431374,36.818627450980394,17.801470588235293,12.904411764705882,3.4313725490196076,5.2254901960784315,35.154017857142854,1324.580357142857,178.0,23.296932685044844,3.2195121951219514,2.3495934959349594,73.25474254742548,48.68834688346883,32.856368563685635,12.62330623306233,11.5420054200542,4.05420054200542,6.802168021680217,37.56217616580311,1414.082901554404,Ivan Ljubicic,Nikolay Davydenko,1,2007-02-19,Rotterdam
68028,959.0,188.0,21.53867214238571,6.0,6.333333333333333,67.5,33.333333333333336,28.0,18.333333333333332,10.833333333333334,2.8333333333333335,4.333333333333333,155.42857142857142,261.57142857142856,190.0,23.852412730995837,9.566265060240964,2.3734939759036147,82.57831325301204,44.40963855421687,34.795180722891565,20.49397590361446,13.012048192771084,3.674698795180723,5.518072289156627,4.083333333333333,2864.75,Alexandre Simoni,Gustavo Kuerten,0,2001-02-26,Acapulco
61422,359.0,,19.304822261285615,7.884892086330935,5.0215827338129495,83.14388489208633,48.39568345323741,36.34532374100719,18.35251798561151,13.251798561151078,4.0359712230215825,6.258992805755396,54.9136690647482,1190.8345323741007,,19.66686797922941,8.764705882352942,4.294117647058823,88.94117647058823,53.529411764705884,39.529411764705884,17.735294117647058,13.441176470588236,5.0,7.647058823529412,147.44117647058823,458.1470588235294,Denis Shapovalov,Alexei Popyrin,1,2019-10-14,Stockholm
22024,0.0,183.0,21.153254564017395,3.6853146853146854,2.6923076923076925,79.44055944055944,47.18531468531469,32.26573426573427,16.38111888111888,12.188811188811188,4.4125874125874125,7.4475524475524475,50.68852459016394,832.2360655737705,180.0,23.4746208437,2.3157894736842106,1.9473684210526316,77.15789473684211,44.8421052631579,28.42105263157895,16.736842105263158,11.526315789473685,4.842105263157895,8.421052631578947,151.0,284.63157894736844,Mikhail Youzhny,Igor Kunitsyn,1,2006-06-26,Wimbledon
22227,203.0,180.0,24.124298425745717,2.3142857142857145,2.1142857142857143,73.68571428571428,42.17142857142857,27.4,16.228571428571428,11.0,4.9714285714285715,8.2,131.34285714285716,336.7142857142857,188.0,25.104100553795607,7.188571428571429,3.8257142857142856,76.38857142857142,43.434285714285714,32.70857142857143,17.251428571428573,12.305714285714286,3.454285714285714,5.634285714285714,42.690104166666664,1393.4296875,Igor Kunitsyn,Tommy Haas,1,2006-10-23,St. Petersburg
37765,726.0,183.0,22.339667023361972,3.5,1.6428571428571428,71.94642857142857,42.017857142857146,27.982142857142858,15.339285714285714,11.142857142857142,4.285714285714286,7.267857142857143,106.92957746478874,574.5352112676056,175.0,26.213934080976692,3.5390243902439025,3.0829268292682928,74.60243902439025,44.99512195121951,31.302439024390242,14.639024390243902,11.595121951219513,4.046341463414634,6.934146341463415,60.87019230769231,829.3725961538462,Mikhail Kukushkin,Albert Montanes,1,2011-08-29,US Open
17563,544.0,190.0,20.894674880225992,4.297872340425532,2.6382978723404253,75.53191489361703,45.659574468085104,31.574468085106382,15.042553191489361,11.74468085106383,3.595744680851064,6.425531914893617,64.08,704.82,185.0,22.27747859439433,3.30188679245283,3.018867924528302,72.0754716981132,45.132075471698116,29.39622641509434,12.39622641509434,11.283018867924529,4.150943396226415,7.716981132075472,119.26415094339623,400.92452830188677,Florian Mayer,Julien Benneteau,1,2005-04-11,Monte Carlo Masters
65801,734.0,173.0,22.965401514645162,5.192982456140351,3.263157894736842,83.85964912280701,49.1140350877193,33.92982456140351,17.640350877192983,12.842105263157896,4.692982456140351,7.7894736842105265,29.201612903225808,1314.467741935484,188.0,24.201770626462306,5.946428571428571,3.2232142857142856,76.29464285714286,43.732142857142854,31.857142857142858,15.785714285714286,11.794642857142858,4.116071428571429,6.705357142857143,18.704918032786885,1438.2459016393443,Arnaud Clement,Nicolas Lapentti,0,2001-10-15,Stuttgart Masters
15344,327.0,180.0,28.899738890153955,3.9513513513513514,3.0864864864864865,76.90810810810811,46.85405405405405,31.816216216216215,14.778378378378378,12.037837837837838,4.1891891891891895,7.394594594594595,73.47619047619048,582.1481481481482,175.0,20.591375770021425,0.4642857142857143,1.6428571428571428,79.14285714285714,53.392857142857146,33.5,12.392857142857142,11.75,4.75,8.357142857142858,161.71428571428572,259.57142857142856,Sargis Sargsian,Marc Lopez,1,2004-06-21,Wimbledon
37357,318.0,190.0,26.634982478928205,4.510416666666667,4.53125,82.60416666666667,52.114583333333336,35.635416666666664,14.354166666666666,12.71875,4.21875,7.614583333333333,128.55555555555554,519.2393162393163,188.0,24.87176133614076,3.351437699680511,3.7891373801916934,77.84984025559105,47.498402555910545,32.43130990415335,14.763578274760384,11.996805111821086,4.354632587859425,7.498402555910543,69.31210191082802,748.9171974522293,Lukasz Kubot,Guillermo Garcia Lopez,1,2011-07-11,Stuttgart
32390,356.0,185.0,27.265889256147997,7.112709832134293,3.0191846522781773,78.9136690647482,49.23501199040767,36.39808153477218,15.093525179856115,12.50599520383693,3.726618705035971,5.942446043165468,45.87528868360277,1162.4272517321017,180.0,19.389459274471427,5.6,1.4,47.0,26.8,19.0,8.8,7.8,1.8,4.0,233.42857142857142,242.85714285714286,Radek Stepanek,Alexandr Dolgopolov,1,2010-01-03,Brisbane
47809,760.0,193.0,24.898177849307842,7.672463768115942,2.417391304347826,74.71014492753623,44.80579710144927,32.40869565217391,14.049275362318841,11.655072463768116,4.023188405797101,6.791304347826087,54.78648648648649,1138.1027027027028,,25.405065023956002,1.3333333333333333,3.0,67.33333333333333,45.666666666666664,27.0,9.0,10.0,4.666666666666667,8.666666666666666,423.76,88.56,Viktor Troicki,Daniel Garza,1,2015-02-23,Acapulco
42262,218.0,185.0,21.91043021625911,2.964234620886981,1.496423462088698,72.35336194563662,49.61802575107296,35.592274678111586,13.021459227467812,11.835479256080115,3.3419170243204577,5.05722460658083,11.32235939643347,6736.871056241426,196.0,23.26910531584492,7.559649122807017,2.457894736842105,75.3280701754386,43.79824561403509,33.49122807017544,16.54561403508772,12.180701754385964,3.4087719298245616,5.375438596491228,19.705211726384366,2332.6644951140065,Rafael Nadal,Tomas Berdych,1,2013-03-07,Indian Wells Masters
6450,442.0,,25.130732375100003,,,,,,,,,,,,,17.7002053388,,,,,,,,,,1307.0,1.0,Helge Koll Frafjord,Mait Kunnap,1,2001-04-27,Davis Cup G2 R1: EST vs NOR
6360,352.0,190.0,24.82409308691579,6.578947368421052,3.473684210526316,79.57894736842105,41.63157894736842,30.05263157894737,19.157894736842106,12.736842105263158,4.315789473684211,7.526315789473684,138.21052631578948,285.57894736842104,175.0,30.65913757700715,3.5306122448979593,1.836734693877551,78.34693877551021,49.204081632653065,34.183673469387756,15.408163265306122,12.306122448979592,3.4693877551020407,5.979591836734694,53.035714285714285,762.0535714285714,Cyril Saulnier,Byron Black,1,2001-01-01,Chennai
29746,715.0,198.0,24.86049430953967,5.139013452914798,1.7713004484304933,80.50224215246637,54.91928251121076,38.143497757847534,13.201793721973095,12.475336322869955,4.457399103139013,6.977578475336323,89.6923076923077,690.0688259109312,180.0,22.652108047790982,7.372222222222222,2.6166666666666667,82.23333333333333,45.57222222222222,33.53888888888889,18.47222222222222,12.86111111111111,3.9611111111111112,6.777777777777778,90.89573459715639,644.8483412322275,Victor Hanescu,Janko Tipsarevic,1,2009-08-23,New Haven
25321,294.0,188.0,21.64267936033729,11.355828220858896,2.2065439672801634,74.92638036809817,47.24744376278119,37.787321063394685,15.498977505112475,12.507157464212678,2.625766871165644,3.7955010224948875,21.146110056925995,2762.834914611006,190.0,21.980900712492254,5.486486486486487,2.6447876447876446,73.17374517374517,39.30501930501931,28.37837837837838,17.324324324324323,11.374517374517374,3.833976833976834,6.416988416988417,62.309963099631,671.09963099631,Andy Roddick,Jose Acasuso,1,2007-08-27,US Open
19775,754.0,185.0,27.945651511730077,5.159217877094972,3.3854748603351954,81.49162011173185,48.58659217877095,35.70391061452514,17.07262569832402,12.88268156424581,4.125698324022347,6.432960893854749,12.201570680628272,1912.892670157068,173.0,24.722453555072423,5.160535117056856,2.9063545150501673,81.68561872909699,46.79933110367893,33.03344481605351,17.648829431438127,12.638795986622073,4.34113712374582,7.301003344481606,44.12074303405573,1006.7368421052631,Tim Henman,Arnaud Clement,1,2006-01-30,Zagreb
99372,271.0,193.0,23.73061878340723,7.361111111111111,2.5462962962962963,72.27777777777777,43.28703703703704,31.199074074074073,13.819444444444445,11.23611111111111,4.032407407407407,6.671296296296297,50.791489361702126,1148.2042553191488,193.0,21.861103671297105,8.5,3.3511904761904763,78.77083333333333,46.919642857142854,34.44642857142857,15.842261904761905,12.425595238095237,3.7202380952380953,6.255952380952381,39.321739130434786,1605.7884057971014,Viktor Troicki,Gael Monfils,0,2011-08-08,Canada Masters
77792,713.0,196.0,19.31799514653636,8.89873417721519,3.962025316455696,89.22784810126582,52.379746835443036,38.44303797468354,18.68354430379747,14.075949367088608,3.7088607594936707,6.481012658227848,105.9090909090909,482.77272727272725,188.0,23.67412759407427,7.359090909090909,4.168181818181818,77.77727272727273,43.268181818181816,32.622727272727275,17.854545454545455,12.386363636363637,3.690909090909091,5.9363636363636365,52.25833333333333,1529.7791666666667,Mario Ancic,Tommy Haas,0,2004-08-16,Athens Olympics
60479,417.0,196.0,23.918645170470473,15.365180467091296,3.210191082802548,79.2271762208068,49.774946921443735,40.45859872611465,16.212314225053078,13.182590233545648,2.662420382165605,3.8450106157112525,23.65940594059406,2627.627722772277,,28.90828199864,4.1,2.3,70.3,43.45,30.1,13.45,11.5,3.15,6.25,146.9,447.45,Milos Raonic,Prajnesh Gunneswaran,1,2019-07-01,Wimbledon
58338,278.0,,22.273785078716667,3.6666666666666665,8.0,105.5,64.83333333333333,42.166666666666664,16.333333333333332,15.666666666666666,6.5,12.166666666666666,239.8,276.0,183.0,27.41768402712675,3.021333333333333,2.002666666666667,78.84266666666667,52.0,36.096,14.376,12.416,4.112,6.616,31.612987012987013,1652.2,Jason Kubler,Roberto Bautista Agut,1,2018-08-27,US Open
104499,393.0,,25.221081451071427,2.2857142857142856,4.285714285714286,79.57142857142857,47.857142857142854,27.571428571428573,14.428571428571429,11.571428571428571,6.428571428571429,11.285714285714286,145.71428571428572,368.85714285714283,180.0,22.747042143351013,7.926315789473684,2.6473684210526316,76.6842105263158,40.310526315789474,30.142105263157895,18.805263157894736,12.210526315789474,3.7842105263157895,6.336842105263158,37.42857142857143,1370.1173469387754,Matteo Viola,Alexandr Dolgopolov,0,2013-05-12,Rome Masters
87898,809.0,168.0,23.790260561688218,1.7887323943661972,2.6816901408450704,79.79718309859155,48.91830985915493,32.49577464788732,15.915492957746478,12.216901408450704,4.543661971830986,7.709859154929577,58.51570680628272,713.8743455497382,198.0,19.071592032572735,7.817204301075269,3.3225806451612905,80.20430107526882,43.075268817204304,31.903225806451612,19.043010752688172,12.473118279569892,4.043010752688172,6.537634408602151,117.55555555555556,549.2828282828283,Olivier Rochus,Marin Cilic,0,2008-10-12,Madrid Masters
86105,17.0,190.0,22.148870636552978,4.294478527607362,1.969325153374233,72.30061349693251,44.38036809815951,30.47239263803681,13.63803680981595,11.355828220858896,3.4539877300613497,6.398773006134969,61.32142857142857,664.8333333333334,183.0,20.652553932217252,6.781021897810219,2.591240875912409,76.25547445255475,46.25547445255474,33.277372262773724,15.116788321167883,11.64963503649635,4.248175182481752,6.598540145985401,66.28057553956835,658.0575539568346,Florian Mayer,Nicolas Almagro,0,2007-08-13,Cincinnati Masters
23260,235.0,190.0,23.061449539894443,4.392857142857143,3.107142857142857,83.75,49.142857142857146,32.42857142857143,16.571428571428573,12.821428571428571,4.107142857142857,8.0,163.19444444444446,302.05555555555554,183.0,25.805191700636417,6.7799352750809065,3.970873786407767,77.68284789644012,40.74433656957929,30.16504854368932,18.184466019417474,12.200647249190938,4.239482200647249,7.058252427184466,36.38670694864048,1064.3413897280966,Paul Capdeville,Nicolas Kiefer,1,2007-07-09,Newport
28029,,left_ht,left_age,left_ace,left_df,left_svpt,left_1stIn,left_1stWon,left_2ndWon,left_SvGms,left_bpSaved,left_bpFaced,left_rank,left_rank_points,right_ht,right_age,right_ace,right_df,right_svpt,right_1stIn,right_1stWon,right_2ndWon,right_SvGms,right_bpSaved,right_bpFaced,right_rank,right_rank_points,left_name,right_name,target,tourney_date,tourney_name
116073,956.0,172.0,23.40944824331748,2.4827586206896552,2.7011494252873565,82.58620689655173,53.91954022988506,34.747126436781606,14.39080459770115,12.885057471264368,4.586206896551724,8.367816091954023,123.4368932038835,576.8543689320388,208.0,31.30745371212546,19.529605263157894,3.356907894736842,83.52960526315789,54.713815789473685,45.25657894736842,15.302631578947368,13.69078947368421,2.713815789473684,3.825657894736842,56.754746835443036,988.1091772151899,Damir Dzumhur,Ivo Karlovic,0,2017-04-24,Budapest
100993,891.0,180.0,24.303574904710324,3.6986301369863015,3.2348336594911937,80.53228962818004,47.64383561643836,33.04109589041096,17.223091976516635,12.555772994129159,4.170254403131115,7.009784735812133,29.13394495412844,1674.1761467889908,185.0,21.582918561071516,2.967642526964561,1.5007704160246533,72.86440677966101,50.08474576271186,35.81818181818182,13.058551617873652,11.912172573189522,3.36979969183359,5.1248073959938365,11.955686853766617,6606.224519940916,David Nalbandian,Rafael Nadal,0,2012-03-08,Indian Wells Masters
87852,763.0,185.0,26.031485284061905,3.1578947368421053,1.4210526315789473,80.52631578947368,51.73684210526316,33.94736842105263,13.210526315789474,12.473684210526315,5.0,8.789473684210526,131.95238095238096,344.3333333333333,183.0,23.834345914745374,4.568115942028985,2.8521739130434782,75.29565217391304,43.507246376811594,30.466666666666665,15.950724637681159,11.510144927536231,4.3768115942028984,7.130434782608695,51.853092783505154,860.2809278350516,Sergio Roitman,Nicolas Massu,0,2007-01-29,Vina del Mar
21453,430.0,193.0,22.86670400099453,8.885,2.0825,83.7725,46.945,35.405,19.59,13.28,3.87,6.085,17.188636363636363,2245.365909090909,180.0,24.068612200039393,2.393939393939394,2.121212121212121,73.6969696969697,42.60606060606061,27.696969696969695,15.818181818181818,11.06060606060606,4.848484848484849,8.151515151515152,131.72727272727272,335.54545454545456,Marat Safin,Igor Kunitsyn,1,2006-10-09,Moscow
32018,985.0,180.0,27.510536237248758,3.626086956521739,3.0847826086956522,77.70652173913044,45.44130434782609,31.38695652173913,16.639130434782608,12.171739130434782,4.110869565217391,7.1152173913043475,44.471311475409834,1164.8401639344263,185.0,25.381370169874995,4.2272727272727275,2.75,73.38636363636364,40.40909090909091,27.272727272727273,16.34090909090909,11.340909090909092,3.8636363636363638,7.113636363636363,100.31818181818181,437.5681818181818,Rainer Schuettler,Simon Greul,1,2009-01-05,Chennai
71242,169.0,183.0,23.485248027676317,2.1733333333333333,2.4,75.69333333333333,47.333333333333336,30.506666666666668,13.92,11.173333333333334,5.08,8.48,79.67105263157895,518.8815789473684,175.0,20.30581793293,0.7,2.6,65.9,39.8,25.6,13.8,10.4,3.1,6.0,110.4,384.0,David Sanchez,David Ferrer,0,2002-09-09,Bucharest
39096,55.0,188.0,24.05444110988334,5.071428571428571,3.8684210526315788,78.43045112781955,54.088345864661655,37.94924812030075,12.511278195488721,12.406015037593985,4.035714285714286,6.469924812030075,32.91208791208791,1658.5641025641025,190.0,26.30907754247864,3.117229129662522,2.8880994671403197,77.43872113676731,46.761989342806395,31.769094138543515,15.422735346358792,11.968028419182948,4.373001776198934,7.4902309058614565,48.0,971.4343434343434,Fernando Verdasco,Juan Ignacio Chela,1,2012-02-27,Acapulco
295,293.0,185.0,25.638056125950005,5.95,3.45,72.1,40.9,29.0,14.7,11.2,3.75,6.7,90.85,446.9,190.0,23.68497052393871,4.290322580645161,2.4516129032258065,75.54838709677419,41.516129032258064,30.322580645161292,17.35483870967742,11.709677419354838,4.161290322580645,6.483870967741935,41.54838709677419,848.8709677419355,Adrian Voinea,Carlos Moya,1,2000-07-24,Kitzbuhel
95112,15.0,175.0,23.519043144350004,2.0210526315789474,2.642105263157895,75.26315789473684,46.2,30.51578947368421,14.43157894736842,11.715789473684211,4.389473684210526,7.768421052631579,78.1864406779661,746.4915254237288,188.0,24.656608040960858,5.869565217391305,2.0434782608695654,74.95652173913044,48.30434782608695,32.82608695652174,13.956521739130435,11.347826086956522,4.260869565217392,6.608695652173913,57.95652173913044,808.304347826087,Dudi Sela,Horacio Zeballos,0,2010-04-05,Houston
20507,485.0,180.0,21.735308497114044,3.265957446808511,2.8297872340425534,78.55585106382979,51.444148936170215,35.21808510638298,13.688829787234043,12.212765957446809,4.223404255319149,7.007978723404255,28.191326530612244,1262.390306122449,185.0,22.536599473636162,4.541871921182266,2.9655172413793105,76.77832512315271,41.118226600985224,29.11822660098522,18.458128078817733,11.950738916256158,3.7783251231527095,6.630541871921182,75.2300469483568,610.9530516431925,Tommy Robredo,Paul Henri Mathieu,1,2006-10-30,Paris Masters
45383,336.0,183.0,19.857935964699998,0.0,4.0,55.0,31.0,19.0,11.0,9.0,3.0,6.0,375.55555555555554,119.88888888888889,,22.979466119125,,,,,,,,,,449.25,83.0,Laurynas Grigelis,Ruan Roelofse,1,2014-04-04,Davis Cup G2 R2: RSA vs LTU
53254,199.0,188.0,23.948534357050793,5.4369266055045875,2.2591743119266057,77.12614678899082,49.90711009174312,36.61467889908257,15.089449541284404,12.47362385321101,3.4243119266055047,5.2213302752293576,9.884782608695652,9008.660869565218,188.0,26.14301667927678,5.3713188220230474,3.9884763124199742,79.61971830985915,53.81818181818182,38.107554417413574,13.267605633802816,12.580025608194623,4.087067861715749,6.496798975672215,34.338345864661655,1504.4812030075188,Novak Djokovic,Fernando Verdasco,1,2017-01-02,Doha
106043,936.0,,,,,,,,,,,,,,,17.3683778234,6.6,2.6,69.4,43.2,30.0,13.2,10.8,3.6,6.2,808.0,20.0,Dean Obrien,Karen Khachanov,0,2013-10-25,Davis Cup G1 PO: RUS vs RSA
121861,738.0,188.0,27.046001129549722,5.888268156424581,4.743016759776537,77.69832402234637,47.201117318435756,33.33519553072626,13.938547486033519,12.089385474860336,4.17877094972067,7.391061452513966,111.04918032786885,611.639344262295,,22.35418440426341,9.025641025641026,2.948717948717949,90.25641025641026,57.11538461538461,41.3974358974359,17.384615384615383,14.051282051282051,4.3076923076923075,6.794871794871795,119.85365853658537,701.9024390243902,Matthew Ebden,Nicolas Jarry,0,2019-05-20,Geneva
37149,110.0,188.0,24.12304223537185,10.220264317180616,2.3612334801762116,80.29955947136564,51.00440528634361,39.392070484581495,15.268722466960352,13.0,3.436123348017621,5.215859030837004,24.39075630252101,2288.63025210084,183.0,25.2583132935818,7.044145873320537,4.1036468330134355,81.55278310940498,49.71401151631478,36.97120921305182,16.408829174664106,12.91362763915547,3.834932821497121,6.019193857965451,31.739750445632797,1594.3636363636363,Jo-Wilfried Tsonga,Fernando Gonzalez,1,2011-06-20,Wimbledon
27875,846.0,185.0,19.699335310675984,4.9953271028037385,2.6682242990654204,74.52803738317758,45.73364485981308,33.35981308411215,15.116822429906541,12.014018691588785,3.2476635514018692,5.518691588785047,50.21333333333333,1156.3377777777778,185.0,23.258820972453073,8.35,4.27,86.625,47.84,35.36,19.705,13.505,4.34,7.08,60.014218009478675,790.8199052132701,Richard Gasquet,Dmitry Tursunov,1,2008-03-03,Dubai
64424,358.0,196.0,23.192334017800004,18.333333333333332,7.0,107.66666666666667,58.0,46.666666666666664,26.333333333333332,17.333333333333332,5.0,7.666666666666667,19.0,1258.0,180.0,29.719370294299996,7.333333333333333,1.6666666666666667,67.66666666666667,41.666666666666664,34.333333333333336,17.666666666666668,13.666666666666666,0.3333333333333333,1.3333333333333333,1.0,4135.0,Mark Philippoussis,Andre Agassi,0,2000-01-17,Australian Open
106313,205.0,173.0,29.900108125264733,2.5603864734299515,3.285024154589372,77.05797101449275,50.990338164251206,32.97584541062802,12.632850241545894,11.917874396135266,4.115942028985507,7.700483091787439,103.89371980676329,491.92753623188406,185.0,25.628417963082125,7.67175572519084,3.9618320610687023,83.50636132315522,47.4910941475827,34.81424936386768,18.2264631043257,12.946564885496183,4.442748091603053,7.066157760814249,65.83777239709443,874.1549636803874,Michael Russell,Dmitry Tursunov,0,2014-01-13,Australian Open
103195,90.0,188.0,23.819575633125005,3.8,4.466666666666667,81.61666666666666,50.733333333333334,32.78333333333333,14.016666666666667,12.383333333333333,4.8,9.05,132.25,508.875,183.0,23.84193474788667,2.1333333333333333,2.6,73.33333333333333,44.6,28.533333333333335,13.0,11.0,5.266666666666667,9.2,145.66666666666666,404.2,Blaz Kavcic,Roberto Bautista Agut,0,2012-12-31,Chennai
3564,559.0,185.0,26.493497604374998,8.0,5.0,77.25,42.25,29.75,16.0,11.75,3.75,7.0,540.75,46.5,183.0,30.577865071580426,6.372093023255814,5.465116279069767,79.79069767441861,43.093023255813954,32.325581395348834,17.976744186046513,12.255813953488373,4.837209302325581,7.488372093023256,99.17391304347827,414.39130434782606,Jeff Salzenstein,Jan Siemerink,1,2001-07-09,Newport
83764,679.0,183.0,22.49281314167857,3.923076923076923,2.1538461538461537,85.07692307692308,52.69230769230769,36.30769230769231,16.0,13.692307692307692,6.076923076923077,9.846153846153847,170.57142857142858,247.64285714285714,183.0,22.94830949774935,4.440476190476191,2.7023809523809526,82.06666666666666,50.75952380952381,35.50476190476191,16.914285714285715,12.814285714285715,4.359523809523809,6.904761904761905,15.013215859030836,2236.068281938326,Roko Karanusic,Juan Carlos Ferrero,0,2006-06-26,Wimbledon
21931,908.0,190.0,23.654179025018404,3.97972972972973,3.114864864864865,76.62837837837837,45.429054054054056,31.53716216216216,15.70608108108108,11.989864864864865,4.135135135135135,7.131756756756757,47.46984126984127,955.4539682539682,185.0,19.76892539354,4.2,3.6,90.8,54.4,34.2,18.0,13.2,6.8,11.2,205.8,191.8,Juan Ignacio Chela,Daniel Gimeno Traver,1,2006-02-20,Costa Do Sauipe
86912,824.0,193.0,18.201916495525,4.25,2.0,74.75,45.25,32.25,14.25,8.75,5.5,7.5,733.25,41.25,190.0,31.970536019847668,15.764705882352942,5.281512605042017,84.20588235294117,46.87394957983193,37.78991596638655,20.26890756302521,13.53781512605042,3.4453781512605044,5.092436974789916,91.2890625,490.25390625,Thiemo De Bakker,Wayne Arthurs,0,2007-06-25,Wimbledon
14899,883.0,183.0,25.648168161683554,6.402777777777778,3.4791666666666665,77.16666666666667,42.1875,31.65972222222222,17.48611111111111,12.055555555555555,3.9791666666666665,6.527777777777778,57.51315789473684,756.7763157894736,183.0,21.530334142252276,0.6756756756756757,3.0,72.32432432432432,47.91891891891892,30.37837837837838,11.486486486486486,10.72972972972973,4.5675675675675675,7.891891891891892,91.5,510.59090909090907,Agustin Calleri,Filippo Volandri,1,2004-01-05,Doha
8950,940.0,185.0,21.895961670083334,5.23943661971831,4.323943661971831,79.63380281690141,43.42253521126761,30.12676056338028,17.47887323943662,12.056338028169014,4.47887323943662,7.76056338028169,97.42857142857143,433.3333333333333,188.0,25.3393566051,7.6,11.0,123.4,69.8,49.8,22.4,18.0,8.2,12.8,187.8,208.6,Paradorn Srichaphan,Jack Brasington,1,2002-06-24,Wimbledon
113961,846.0,,23.630628217726095,4.434782608695652,6.043478260869565,89.82608695652173,52.82608695652174,36.869565217391305,18.043478260869566,12.956521739130435,5.043478260869565,8.173913043478262,185.04347826086956,314.17391304347825,178.0,24.92015100024233,3.0873563218390805,3.839080459770115,79.37471264367817,46.8183908045977,31.383908045977012,15.434482758620689,12.03448275862069,4.586206896551724,8.14712643678161,52.84934497816594,1141.4279475982532,Renzo Olivo,Fabio Fognini,0,2016-07-18,Umag
53650,595.0,,22.141804565788227,3.235294117647059,2.411764705882353,73.52941176470588,48.0,31.764705882352942,12.470588235294118,11.823529411764707,4.0,7.235294117647059,160.11764705882354,462.47058823529414,173.0,32.68797428801522,3.647727272727273,2.4886363636363638,78.02272727272727,50.54545454545455,34.13636363636363,13.977272727272727,12.011363636363637,4.170454545454546,7.079545454545454,201.3560606060606,561.5681818181819,Thiago Monteiro,Victor Estrella,1,2017-02-13,Buenos Aires
109138,27.0,185.0,20.421489808476274,4.543859649122807,2.8771929824561404,77.98245614035088,44.3859649122807,31.92982456140351,17.017543859649123,12.24561403508772,4.2105263157894735,6.912280701754386,204.96610169491527,647.7118644067797,,23.91075771477234,6.340425531914893,2.723404255319149,77.74468085106383,45.8936170212766,33.680851063829785,15.914893617021276,12.23404255319149,3.6808510638297873,6.191489361702128,87.93617021276596,632.6382978723404,Dominic Thiem,Jan Lennard Struff,0,2015-01-12,Auckland
63179,114.0,180.0,19.093513101662257,5.0212765957446805,3.5531914893617023,72.19148936170212,39.1063829787234,29.02127659574468,17.638297872340427,11.382978723404255,3.404255319148936,5.425531914893617,14.433962264150944,1503.2641509433963,175.0,21.88012975031739,4.181818181818182,1.5227272727272727,80.68181818181819,48.79545454545455,33.38636363636363,17.295454545454547,12.181818181818182,4.590909090909091,7.295454545454546,26.891304347826086,1039.9347826086957,Lleyton Hewitt,Sebastien Grosjean,0,2000-07-31,Canada Masters
83101,16.0,183.0,23.732634709339784,4.574404761904762,2.8601190476190474,75.51190476190476,43.663690476190474,30.592261904761905,16.014880952380953,11.547619047619047,4.363095238095238,7.1101190476190474,51.94694960212202,863.0397877984085,193.0,22.84395592596374,5.422680412371134,2.381443298969072,72.73195876288659,45.5360824742268,31.587628865979383,13.793814432989691,11.577319587628866,3.783505154639175,6.577319587628866,91.34313725490196,513.2745098039215,Nicolas Massu,Kristof Vliegen,0,2006-10-09,Stockholm
86846,758.0,190.0,25.59580989792516,8.945205479452055,2.23972602739726,81.9417808219178,45.17123287671233,34.51027397260274,19.42808219178082,12.907534246575343,3.6678082191780823,5.719178082191781,28.872670807453417,2401.636645962733,183.0,23.378045396526343,4.185185185185185,3.1925925925925926,80.22222222222223,46.75555555555555,31.192592592592593,16.214814814814815,12.125925925925927,5.074074074074074,8.62962962962963,86.61486486486487,519.4932432432432,Gustavo Kuerten,Flavio Saretta,0,2007-02-12,Costa Do Sauipe
